Participant,Pearson_Correlation,Spearman_Correlation,Sensitivity,Sensitivity CI,Specificity,Specificity CI
OA35,0.22739465126279945,0.21955049972286303,"[0.12393, 0.04539, 0.95745]","[(0.11817, 0.12968), (0.03838, 0.05239), (0.93821, 0.97668)]","[0.9696, 0.82799, 0.25343]","[(0.96415, 0.97505), (0.82151, 0.83448), (0.24668, 0.26017)]"
OA51,0.01852737611524747,0.043336597987301474,"[0.19056, 0.07975, nan]","[(0.17652, 0.20459), (0.03816, 0.12134), (nan, nan)]","[0.88957, 0.91886, 0.26751]","[(0.84145, 0.93769), (0.9091, 0.92862), (0.2521, 0.28292)]"
OA24,0.2498241713505333,0.19188474110825202,"[0.22061, 0.05848, 0.90045]","[(0.2108, 0.23041), (0.04742, 0.06955), (0.86098, 0.93993)]","[0.90811, 0.85648, 0.32469]","[(0.89528, 0.92094), (0.84832, 0.86464), (0.31479, 0.33459)]"
OA22,-0.1054860475254703,-0.06309540161159427,"[0.0976, 0.26566, 0.31527]","[(0.09219, 0.103), (0.24797, 0.28336), (0.28498, 0.34555)]","[0.95846, 0.74455, 0.32008]","[(0.95165, 0.96527), (0.73689, 0.7522), (0.31234, 0.32782)]"
KOA61,0.03422143376361386,0.044940977402294434,"[0.06729, 0.0, nan]","[(0.06289, 0.07169), (0.0, 0.0), (nan, nan)]","[1.0, 0.90027, 0.16532]","[(1.0, 1.0), (0.89501, 0.90554), (0.15882, 0.17181)]"
OA62,0.1950018246327196,0.2379164311491896,"[0.25477, 0.02575, 0.87705]","[(0.24267, 0.26687), (0.01578, 0.03571), (0.81878, 0.93532)]","[0.94876, 0.8836, 0.32409]","[(0.93569, 0.96184), (0.8748, 0.8924), (0.3122, 0.33598)]"
KOA53,0.04599076462188067,0.11211258346242241,"[0.18888, 0.04917, 0.875]","[(0.18185, 0.19591), (0.03723, 0.0611), (0.81771, 0.93229)]","[0.91217, 0.88351, 0.29002]","[(0.89728, 0.92705), (0.87777, 0.88924), (0.28227, 0.29777)]"
HOA46,0.1463739543152987,0.04723439253191035,"[0.11928, 0.04651, 1.0]","[(0.11292, 0.12564), (0.002, 0.09102), (1.0, 1.0)]","[0.98901, 0.84237, 0.27511]","[(0.96759, 1.01043), (0.83522, 0.84953), (0.26639, 0.28384)]"
KOA29,0.21502549311018404,0.21454900757714324,"[0.27874, 0.04896, 0.5]","[(0.26958, 0.28791), (0.03965, 0.05827), (0.09992, 0.90008)]","[0.91445, 0.87706, 0.3526]","[(0.9024, 0.9265), (0.87036, 0.88377), (0.34377, 0.36142)]"
OA33,0.23996088712130959,0.1997470250415578,"[0.22974, 0.05011, 0.87273]","[(0.22046, 0.23902), (0.04305, 0.05717), (0.82187, 0.92358)]","[0.90175, 0.88872, 0.28103]","[(0.89233, 0.91116), (0.88186, 0.89559), (0.27284, 0.28923)]"
OA72,-0.021110907536914008,0.037314296333194365,"[0.09011, 0.08348, 0.8]","[(0.0841, 0.09611), (0.06039, 0.10658), (0.62469, 0.97531)]","[0.94921, 0.89399, 0.19235]","[(0.9312, 0.96722), (0.88754, 0.90044), (0.18434, 0.20037)]"
HOA37,0.25465909656952296,0.2079276773791351,"[0.16277, 0.05854, 0.96509]","[(0.15543, 0.17011), (0.04885, 0.06823), (0.94712, 0.98305)]","[0.97214, 0.86949, 0.25844]","[(0.96588, 0.9784), (0.86292, 0.87605), (0.2506, 0.26628)]"
KOA8,-0.008670673137584834,0.02617966206812338,"[0.16493, 0.21156, 0.46032]","[(0.15821, 0.17165), (0.18255, 0.24058), (0.33724, 0.5834)]","[0.91262, 0.81269, 0.34766]","[(0.89334, 0.9319), (0.80564, 0.81973), (0.3393, 0.35601)]"
OA49,0.01225914469652715,-0.005849055018324162,"[0.18703, 0.29268, nan]","[(0.17552, 0.19854), (0.21227, 0.37309), (nan, nan)]","[0.81301, 0.73045, 0.45721]","[(0.7441, 0.88191), (0.71735, 0.74354), (0.44271, 0.47171)]"
KOA20,0.10074999184093641,0.061466598364253354,"[0.14559, 0.01304, 1.0]","[(0.13929, 0.15189), (-0.00162, 0.02771), (1.0, 1.0)]","[0.97479, 0.92157, 0.2206]","[(0.95487, 0.99471), (0.91677, 0.92637), (0.21326, 0.22794)]"
OA44,0.23911320471251107,0.1194055684252513,"[0.22323, 0.05089, 0.92857]","[(0.21433, 0.23212), (0.03835, 0.06344), (0.79366, 1.06348)]","[0.9078, 0.91978, 0.28388]","[(0.89138, 0.92421), (0.91398, 0.92558), (0.27486, 0.29291)]"
KOA50,0.037659372723626364,0.05729412071331296,"[0.21291, 0.03802, 0.0]","[(0.20496, 0.22086), (0.01491, 0.06114), (0.0, 0.0)]","[0.86765, 0.8559, 0.3517]","[(0.82737, 0.90792), (0.84908, 0.86271), (0.34254, 0.36085)]"
KOA21,0.07697102035255107,0.14041667389057924,"[0.1148, 0.02263, 0.97792]","[(0.1081, 0.1215), (0.01419, 0.03107), (0.96174, 0.99409)]","[0.98874, 0.94112, 0.15836]","[(0.98342, 0.99406), (0.93627, 0.94598), (0.15117, 0.16556)]"
OA25,0.14047765010265875,0.102095390164635,"[0.16974, 0.09591, 0.92308]","[(0.15857, 0.1809), (0.07696, 0.11485), (0.77822, 1.06793)]","[0.91498, 0.8744, 0.27552]","[(0.89716, 0.9328), (0.86455, 0.88424), (0.26346, 0.28758)]"
KOA67,0.08220284362886449,0.16740772079262492,"[0.26771, 0.09049, 0.75676]","[(0.25935, 0.27607), (0.08029, 0.10069), (0.61851, 0.895)]","[0.89727, 0.89269, 0.33493]","[(0.88654, 0.908), (0.88686, 0.89853), (0.32706, 0.3428)]"
OA10,0.20552895812667268,0.20112227262632523,"[0.24183, 0.1522, 0.77143]","[(0.23108, 0.25259), (0.12969, 0.1747), (0.69111, 0.85175)]","[0.90129, 0.70352, 0.50099]","[(0.88354, 0.91905), (0.69215, 0.71489), (0.48934, 0.51265)]"
HOA1,0.2138799403873837,0.23910711199377477,"[0.36227, 0.10204, 0.83333]","[(0.35347, 0.37107), (0.08509, 0.11899), (0.66116, 1.0055)]","[0.91311, 0.75724, 0.56505]","[(0.89745, 0.92877), (0.74939, 0.76508), (0.55642, 0.57368)]"
OA65,0.15439829160527613,0.07083416924754123,"[0.04513, 0.02008, 1.0]","[(0.04127, 0.04898), (0.01002, 0.03014), (1.0, 1.0)]","[0.97493, 0.89746, 0.14134]","[(0.96381, 0.98606), (0.89183, 0.90309), (0.13508, 0.1476)]"
OA48,0.02951946767809731,0.02714115671272048,"[0.14498, 0.12195, nan]","[(0.1315, 0.15846), (0.02179, 0.22212), (nan, nan)]","[0.90244, 0.82068, 0.32269]","[(0.81161, 0.99327), (0.80599, 0.83537), (0.30493, 0.34045)]"
OA5,-0.06924416483470656,-0.038764791735649104,"[0.02883, 0.11243, 0.72222]","[(0.02537, 0.03228), (0.09554, 0.12933), (0.60276, 0.84169)]","[0.97351, 0.91976, 0.11204]","[(0.96509, 0.98194), (0.91417, 0.92535), (0.10597, 0.11812)]"
OA60,0.14929968510217712,0.12696521488053947,"[0.09217, 0.09819, 0.91667]","[(0.08475, 0.09959), (0.0786, 0.11779), (0.84673, 0.9866)]","[0.95349, 0.78226, 0.28975]","[(0.94007, 0.96691), (0.77173, 0.7928), (0.27891, 0.3006)]"
KOA38,0.12729858588215745,0.09388047026343166,"[0.12569, 0.04942, 0.88235]","[(0.11849, 0.13289), (0.04132, 0.05752), (0.72919, 1.03551)]","[0.90935, 0.89356, 0.20901]","[(0.89866, 0.92005), (0.88687, 0.90025), (0.20138, 0.21664)]"
HOA7,0.18106530647270885,0.13481339864123623,"[0.33914, 0.02083, 1.0]","[(0.3303, 0.34798), (0.00655, 0.03512), (1.0, 1.0)]","[0.93059, 0.86089, 0.46528]","[(0.90534, 0.95585), (0.85443, 0.86735), (0.45613, 0.47444)]"
HOA35,0.11226908015779727,0.10341488947373652,"[0.1254, 0.0597, 0.92149]","[(0.11823, 0.13256), (0.05161, 0.06778), (0.8876, 0.95538)]","[0.93478, 0.91627, 0.18647]","[(0.92665, 0.94291), (0.91037, 0.92218), (0.17935, 0.19358)]"
HOA4,0.028712083600729684,-0.01779829572765263,"[0.06677, 0.08475, 1.0]","[(0.062, 0.07155), (0.03449, 0.135), (1.0, 1.0)]","[0.88333, 0.92275, 0.1447]","[(0.8259, 0.94077), (0.91764, 0.92786), (0.13801, 0.1514)]"
HOA20,0.14807710190908568,0.14641923791272463,"[0.24218, 0.01842, 1.0]","[(0.23199, 0.25238), (0.00886, 0.02798), (1.0, 1.0)]","[0.92998, 0.94249, 0.27931]","[(0.91244, 0.94751), (0.93697, 0.94801), (0.26918, 0.28944)]"
HOA47,-0.18532787804392703,-0.1211770418366944,"[0.06777, 0.2714, 0.6713]","[(0.0631, 0.07244), (0.25364, 0.28917), (0.64415, 0.69845)]","[0.97553, 0.87178, 0.19879]","[(0.97046, 0.98061), (0.86587, 0.8777), (0.19206, 0.20551)]"
OA23,0.1002929307998155,0.1690916350816501,"[0.15717, 0.024, 0.92554]","[(0.15069, 0.16365), (0.01768, 0.03032), (0.90813, 0.94296)]","[0.96061, 0.91938, 0.21326]","[(0.95379, 0.96744), (0.9147, 0.92406), (0.20656, 0.21995)]"
OA31,-0.07606113925384536,-0.029407460009508467,"[0.03961, 0.07422, 0.84848]","[(0.03598, 0.04324), (0.06122, 0.08721), (0.72615, 0.97082)]","[0.9505, 0.94157, 0.1011]","[(0.93986, 0.96114), (0.93721, 0.94592), (0.09585, 0.10635)]"
OA12,-0.15441116933679944,-0.15223660198469977,"[0.07293, 0.28009, 0.69697]","[(0.06761, 0.07824), (0.23775, 0.32244), (0.58609, 0.80784)]","[0.85542, 0.92328, 0.16142]","[(0.82453, 0.88631), (0.91786, 0.9287), (0.15408, 0.16877)]"
OA82,0.14394360136481274,0.10175296505129675,"[0.32958, 0.07812, 1.0]","[(0.31352, 0.34565), (0.03163, 0.12462), (1.0, 1.0)]","[0.90698, 0.90638, 0.41381]","[(0.85685, 0.9571), (0.89643, 0.91634), (0.3973, 0.43033)]"
OA76,0.12361666663889949,0.08831788402590116,"[0.09749, 0.02549, 0.89744]","[(0.08812, 0.10685), (0.01353, 0.03745), (0.83011, 0.96477)]","[0.97852, 0.96874, 0.11583]","[(0.96811, 0.98893), (0.9633, 0.97418), (0.1065, 0.12515)]"
OA86,0.14922207939199555,0.19262771485475172,"[0.12599, 0.04963, 0.88462]","[(0.11982, 0.13215), (0.04118, 0.05807), (0.85567, 0.91356)]","[0.97739, 0.84659, 0.24299]","[(0.97207, 0.9827), (0.84003, 0.85314), (0.2358, 0.25018)]"
OA75,0.08921755208811674,0.10677109678109574,"[0.13821, 0.04795, 0.95455]","[(0.13057, 0.14585), (0.03485, 0.06104), (0.92165, 0.98744)]","[0.94728, 0.91677, 0.20908]","[(0.93451, 0.96005), (0.91071, 0.92283), (0.20061, 0.21755)]"
KOA25,0.10040764936953794,0.03155566173299524,"[0.08928, 0.05736, 1.0]","[(0.0832, 0.09537), (0.03942, 0.07531), (1.0, 1.0)]","[0.94753, 0.94075, 0.14605]","[(0.9306, 0.96445), (0.93572, 0.94578), (0.13879, 0.15332)]"
KOA1,0.003978049999006104,0.015614862928382224,"[0.0904, 0.15777, 0.85714]","[(0.08504, 0.09576), (0.13288, 0.18266), (0.67384, 1.04045)]","[0.90931, 0.81206, 0.27642]","[(0.88986, 0.92875), (0.80477, 0.81936), (0.26836, 0.28448)]"
OA89,0.041346794603195146,0.1892954251509475,"[0.07006, 0.06287, 0.96276]","[(0.06353, 0.0766), (0.04784, 0.0779), (0.95143, 0.97408)]","[0.9764, 0.85504, 0.2168]","[(0.96987, 0.98293), (0.84676, 0.86333), (0.20706, 0.22655)]"
OA47,0.16021738803501928,0.13477231717434462,"[0.27476, 0.0894, nan]","[(0.26469, 0.28483), (0.06941, 0.10938), (nan, nan)]","[0.86845, 0.81594, 0.43647]","[(0.84478, 0.89213), (0.8072, 0.82468), (0.42583, 0.44712)]"
HOA17,0.06445546867929386,0.15115067524783093,"[0.18258, 0.11732, 0.61697]","[(0.1744, 0.19077), (0.10382, 0.13083), (0.56866, 0.66528)]","[0.97277, 0.84302, 0.29273]","[(0.96648, 0.97906), (0.83548, 0.85056), (0.28412, 0.30133)]"
OA63,0.09418535774068394,0.13513612157819557,"[0.51448, 0.06237, 0.5102]","[(0.50219, 0.52677), (0.04039, 0.08435), (0.37023, 0.65017)]","[0.7179, 0.91082, 0.58513]","[(0.67899, 0.7568), (0.90384, 0.9178), (0.57344, 0.59682)]"
OA66,0.07123789983268383,0.06335499948838978,"[0.09787, 0.07992, 0.79902]","[(0.09151, 0.10424), (0.06789, 0.09195), (0.74403, 0.85401)]","[0.95594, 0.90656, 0.17733]","[(0.94727, 0.9646), (0.90039, 0.91272), (0.16996, 0.18469)]"
KOA64,0.15559258271809445,0.21051929657342075,"[0.25526, 0.1327, 0.92105]","[(0.2477, 0.26282), (0.11594, 0.14945), (0.87155, 0.97055)]","[0.93783, 0.73824, 0.48364]","[(0.92632, 0.94935), (0.73065, 0.74582), (0.47546, 0.49181)]"
KOA6,0.08456566706366203,0.11546969013337387,"[0.11463, 0.05109, 0.90956]","[(0.10851, 0.12075), (0.04032, 0.06186), (0.88633, 0.93278)]","[0.98631, 0.93438, 0.1643]","[(0.98144, 0.99117), (0.92975, 0.939), (0.15767, 0.17092)]"
HOA24,0.12232310793372908,0.08622595720158532,"[0.10076, 0.06182, 0.8]","[(0.09481, 0.10672), (0.04759, 0.07605), (0.55208, 1.04792)]","[0.96937, 0.89812, 0.19147]","[(0.95923, 0.97951), (0.89213, 0.9041), (0.18409, 0.19886)]"
KOA66,-0.018655499596260734,-0.002580281771067415,"[0.07833, 0.22766, 0.70833]","[(0.07322, 0.08343), (0.20652, 0.24881), (0.52648, 0.89018)]","[0.96156, 0.82625, 0.25366]","[(0.95195, 0.97118), (0.81906, 0.83344), (0.24593, 0.2614)]"
OA46,0.11411296519032127,0.1464960617609035,"[0.24146, 0.08896, 0.58333]","[(0.23367, 0.24925), (0.07474, 0.10318), (0.30439, 0.86228)]","[0.91624, 0.85441, 0.36175]","[(0.90245, 0.93002), (0.84799, 0.86083), (0.35354, 0.36997)]"
OA55,0.2576640448425232,0.10367145129301576,"[0.03626, 0.03715, 0.95556]","[(0.03097, 0.04155), (0.02673, 0.04758), (0.93097, 0.98014)]","[0.98502, 0.91241, 0.11148]","[(0.97894, 0.99109), (0.90463, 0.92019), (0.10356, 0.1194)]"
KOA71,0.18775926670204302,0.06418465779164201,"[0.09191, 0.05762, 1.0]","[(0.08654, 0.09728), (0.04402, 0.07122), (1.0, 1.0)]","[0.94454, 0.89073, 0.19317]","[(0.93123, 0.95785), (0.88493, 0.89652), (0.18618, 0.20017)]"
KOA75,0.07868675556692968,0.006360011367029671,"[0.20119, 0.13944, 0.28571]","[(0.19383, 0.20856), (0.09659, 0.1823), (-0.04895, 0.62038)]","[0.82558, 0.86037, 0.34001]","[(0.77928, 0.87189), (0.854, 0.86673), (0.3314, 0.34861)]"
KOA49,-0.03683064496532542,0.031746204380448964,"[0.08616, 0.12319, 0.75]","[(0.08065, 0.09167), (0.10903, 0.13735), (0.71401, 0.78599)]","[0.98781, 0.89417, 0.17616]","[(0.98362, 0.99201), (0.88829, 0.90004), (0.16936, 0.18297)]"
OA71,-0.1053032488686153,-0.061690524531996756,"[0.03288, 0.05923, nan]","[(0.02741, 0.03836), (0.03192, 0.08654), (nan, nan)]","[0.93031, 0.96712, 0.06992]","[(0.90086, 0.95977), (0.96164, 0.97259), (0.06235, 0.07749)]"
KOA22,0.03612765873846082,-0.016048308336620135,"[0.08187, 0.10833, 1.0]","[(0.07736, 0.08637), (0.05272, 0.16394), (1.0, 1.0)]","[0.864, 0.9039, 0.17861]","[(0.80391, 0.92409), (0.89906, 0.90874), (0.17234, 0.18487)]"
HOA42,-0.022643664589451228,-0.03549274220571578,"[0.13809, 0.1064, 0.6055]","[(0.13108, 0.14511), (0.08991, 0.12288), (0.51375, 0.69726)]","[0.8713, 0.93862, 0.20188]","[(0.85408, 0.88852), (0.93376, 0.94347), (0.19425, 0.20951)]"
KOA3,0.12319054541130005,0.058532782627048294,"[0.18526, 0.05882, 1.0]","[(0.17824, 0.19229), (0.03992, 0.07773), (1.0, 1.0)]","[0.9015, 0.90761, 0.27191]","[(0.87764, 0.92537), (0.90238, 0.91285), (0.26406, 0.27976)]"
KOA73,-0.045382566409121305,-0.07383996931622276,"[0.07233, 0.12201, 0.69784]","[(0.06773, 0.07693), (0.09063, 0.15339), (0.6215, 0.77418)]","[0.89767, 0.93376, 0.13994]","[(0.8725, 0.92284), (0.92937, 0.93815), (0.13388, 0.146)]"
HOA10,-0.006216808994509001,0.025176054453199665,"[0.07106, 0.04745, 1.0]","[(0.06576, 0.07635), (0.02998, 0.06492), (1.0, 1.0)]","[0.93554, 0.91991, 0.1489]","[(0.91545, 0.95563), (0.91432, 0.92551), (0.14178, 0.15602)]"
OA37,0.18040740492938198,0.12677367806932827,"[0.3147, 0.08727, 0.875]","[(0.30324, 0.32615), (0.06369, 0.11086), (0.64582, 1.10418)]","[0.85484, 0.84926, 0.44697]","[(0.82561, 0.88407), (0.84044, 0.85808), (0.43521, 0.45873)]"
OA38,0.24202943383172798,0.0614319877890203,"[0.1505, 0.03889, nan]","[(0.144, 0.15699), (0.01065, 0.06713), (nan, nan)]","[0.92222, 0.77284, 0.37369]","[(0.8831, 0.96135), (0.76523, 0.78045), (0.36497, 0.38241)]"
OA70,-0.07361152202517483,-0.09057640007911505,"[0.20914, 0.13043, nan]","[(0.18374, 0.23454), (-0.0072, 0.26807), (nan, nan)]","[0.47826, 0.78376, 0.43056]","[(0.27411, 0.68241), (0.75805, 0.80947), (0.39999, 0.46112)]"
HOA36,0.018459365979436242,-0.0006079119580443895,"[0.0985, 0.08451, 0.69231]","[(0.09315, 0.10386), (0.05809, 0.11092), (0.44141, 0.9432)]","[0.90661, 0.92536, 0.17316]","[(0.87939, 0.93383), (0.92064, 0.93008), (0.16648, 0.17984)]"
KOA26,0.16569069636942008,0.2689445174670695,"[0.405, 0.12708, 0.79245]","[(0.39472, 0.41527), (0.11143, 0.14274), (0.68327, 0.90164)]","[0.97824, 0.94513, 0.40773]","[(0.97148, 0.98499), (0.94038, 0.94988), (0.39833, 0.41712)]"
KOA12,0.03734469446473676,0.057754732033872755,"[0.1743, 0.19215, 0.67347]","[(0.167, 0.18161), (0.17628, 0.20801), (0.54217, 0.80477)]","[0.90112, 0.82719, 0.33647]","[(0.88922, 0.91302), (0.81993, 0.83445), (0.32827, 0.34468)]"
HOA2,0.06762474600082458,0.0488621079467188,"[0.10456, 0.05, 0.72727]","[(0.09917, 0.10995), (0.03284, 0.06716), (0.46408, 0.99046)]","[0.92868, 0.88359, 0.21615]","[(0.9086, 0.94876), (0.87795, 0.88924), (0.20907, 0.22322)]"
OA3,0.10343583910620859,0.18530131817960618,"[0.18199, 0.06816, 0.91935]","[(0.17445, 0.18952), (0.0587, 0.07761), (0.88022, 0.95849)]","[0.96569, 0.89745, 0.24654]","[(0.95909, 0.9723), (0.89157, 0.90332), (0.23908, 0.25401)]"
KOA42,0.25403910469617264,0.05512623801990794,"[0.03173, 0.01549, 0.96104]","[(0.02862, 0.03484), (0.01008, 0.0209), (0.91782, 1.00426)]","[0.99182, 0.97393, 0.05296]","[(0.98795, 0.99569), (0.97111, 0.97675), (0.04928, 0.05665)]"
KOA16,0.05655823222544086,0.140830855737365,"[0.15673, 0.0487, 0.85102]","[(0.15043, 0.16303), (0.03866, 0.05874), (0.81949, 0.88255)]","[0.94858, 0.87456, 0.26104]","[(0.93947, 0.9577), (0.86893, 0.88019), (0.2539, 0.26817)]"
KOA60,0.04693501538981174,0.07560643912269999,"[0.26761, 0.20376, 0.61111]","[(0.25963, 0.27559), (0.18399, 0.22353), (0.3859, 0.83632)]","[0.82145, 0.77705, 0.47772]","[(0.80276, 0.84014), (0.76955, 0.78454), (0.46926, 0.48617)]"
KOA14,0.2734703091325987,0.2542145572049693,"[0.44888, 0.01064, 1.0]","[(0.43847, 0.4593), (0.00465, 0.01663), (1.0, 1.0)]","[0.91851, 0.95402, 0.44895]","[(0.90255, 0.93447), (0.94964, 0.95841), (0.43915, 0.45875)]"
OA80,0.2371385371646002,0.19666581882789896,"[0.30895, 0.02516, 0.76056]","[(0.2939, 0.32399), (0.00082, 0.0495), (0.6613, 0.85983)]","[0.87391, 0.66558, 0.62682]","[(0.83101, 0.91681), (0.65037, 0.6808), (0.6114, 0.64223)]"
OA88,0.23104225683855933,0.1742516942694065,"[0.22761, 0.03634, 0.88462]","[(0.21816, 0.23705), (0.02746, 0.04522), (0.85179, 0.91744)]","[0.90048, 0.89854, 0.2969]","[(0.88759, 0.91338), (0.89189, 0.90518), (0.2876, 0.30619)]"
KOA69,0.09742078171815784,0.048855419838435304,"[0.20762, 0.14912, 0.0]","[(0.19985, 0.21538), (0.10289, 0.19536), (0.0, 0.0)]","[0.86266, 0.7401, 0.46338]","[(0.81846, 0.90686), (0.7317, 0.7485), (0.45393, 0.47282)]"
OA54,0.1819553149896157,0.0773019600004309,"[0.14253, 0.08214, nan]","[(0.13567, 0.14939), (0.04998, 0.11431), (nan, nan)]","[0.95, 0.77815, 0.35805]","[(0.92447, 0.97553), (0.76999, 0.7863), (0.34877, 0.36732)]"
OA77,0.11464470158246384,0.06439297264747622,"[0.12355, 0.05066, 1.0]","[(0.11598, 0.13112), (0.03573, 0.06559), (1.0, 1.0)]","[0.96755, 0.97109, 0.14538]","[(0.95551, 0.97959), (0.96723, 0.97494), (0.1377, 0.15306)]"
OA59,0.08746444030003715,0.07085870665179914,"[0.23589, 0.1309, 0.72]","[(0.2283, 0.24347), (0.10028, 0.16153), (0.54399, 0.89601)]","[0.89817, 0.83339, 0.39614]","[(0.87142, 0.92492), (0.82674, 0.84004), (0.38757, 0.40472)]"
OA61,0.31672258393032116,0.2815189877702392,"[0.34492, 0.03079, 0.87108]","[(0.33366, 0.35618), (0.0227, 0.03887), (0.83231, 0.90985)]","[0.90838, 0.89358, 0.38656]","[(0.89586, 0.92089), (0.88642, 0.90074), (0.37626, 0.39685)]"
OA9,0.08259392461777071,0.08429465863366022,"[0.13349, 0.08209, 0.96875]","[(0.12654, 0.14045), (0.0666, 0.09758), (0.90846, 1.02904)]","[0.94103, 0.88824, 0.23359]","[(0.92791, 0.95416), (0.88181, 0.89467), (0.22545, 0.24173)]"
HOA14,0.32721850709435196,0.2909811866700489,"[0.47598, 0.01142, 0.95082]","[(0.46655, 0.48542), (0.00471, 0.01813), (0.92655, 0.97509)]","[0.91483, 0.88065, 0.55842]","[(0.89946, 0.93019), (0.87461, 0.88669), (0.54943, 0.56741)]"
HOA19,0.10004470310641525,0.1276645262777264,"[0.17708, 0.08616, 0.89506]","[(0.16944, 0.18472), (0.07033, 0.10199), (0.84787, 0.94226)]","[0.92257, 0.8394, 0.32021]","[(0.90841, 0.93673), (0.83211, 0.84669), (0.31141, 0.32901)]"
OA84,0.15969570826232146,0.001291322661506704,"[0.1838, 0.06667, 1.0]","[(0.1665, 0.2011), (-0.00622, 0.13955), (1.0, 1.0)]","[0.85185, 0.98605, 0.19888]","[(0.7571, 0.9466), (0.98082, 0.99127), (0.18126, 0.21651)]"
HOA26,0.12106153187309404,0.10733063273929427,"[0.33665, 0.05399, 1.0]","[(0.32776, 0.34555), (0.03253, 0.07545), (1.0, 1.0)]","[0.83372, 0.80323, 0.52162]","[(0.79841, 0.86904), (0.79574, 0.81071), (0.51239, 0.53084)]"
OA56,0.09861480099283258,0.08005831303813758,"[0.03562, 0.0177, 1.0]","[(0.02889, 0.04234), (0.00051, 0.03489), (1.0, 1.0)]","[0.97934, 0.8951, 0.13382]","[(0.96142, 0.99726), (0.88401, 0.90618), (0.12192, 0.14572)]"
HOA15,0.1360350310277566,0.012886397686955046,"[0.03975, 0.03468, 0.3]","[(0.0362, 0.0433), (0.02249, 0.04688), (0.01597, 0.58403)]","[0.95886, 0.94724, 0.09087]","[(0.9457, 0.97202), (0.94318, 0.9513), (0.08584, 0.09591)]"
HOA39,0.056262396420025194,0.018419956654082317,"[0.11757, 0.05587, nan]","[(0.11154, 0.1236), (0.02222, 0.08951), (nan, nan)]","[0.9162, 0.91903, 0.19759]","[(0.87561, 0.95679), (0.91392, 0.92414), (0.1902, 0.20499)]"
HOA40,0.11991703361184684,0.010544532708012252,"[0.04662, 0.01075, 1.0]","[(0.04294, 0.0503), (-0.00407, 0.02557), (1.0, 1.0)]","[0.95745, 0.96921, 0.07707]","[(0.92859, 0.9863), (0.9662, 0.97223), (0.07245, 0.08168)]"
KOA17,-0.020117188949905728,0.06690861531099564,"[0.25942, 0.09806, 0.63636]","[(0.25044, 0.2684), (0.08033, 0.11579), (0.54647, 0.72626)]","[0.85894, 0.91376, 0.33294]","[(0.83917, 0.87871), (0.90805, 0.91948), (0.32381, 0.34207)]"
OA1,0.11562049168328066,0.11655473257092132,"[0.11525, 0.0854, 0.88837]","[(0.10889, 0.12161), (0.07397, 0.09684), (0.86721, 0.90953)]","[0.98156, 0.90982, 0.18576]","[(0.97686, 0.98626), (0.90435, 0.91529), (0.17879, 0.19272)]"
OA36,0.18538405559640625,0.12263855198863373,"[0.16271, 0.12381, 0.75]","[(0.15162, 0.1738), (0.08744, 0.16018), (0.32565, 1.17435)]","[0.97179, 0.78999, 0.35749]","[(0.95362, 0.98996), (0.77776, 0.80223), (0.34359, 0.37139)]"
KOA54,0.19777053472583972,0.09128143826170383,"[0.17853, 0.0516, 0.91837]","[(0.17155, 0.1855), (0.03767, 0.06553), (0.8417, 0.99503)]","[0.89293, 0.85663, 0.30995]","[(0.87393, 0.91192), (0.85026, 0.863), (0.30186, 0.31805)]"
OA58,0.14167361510130083,0.16087895416711143,"[0.18019, 0.03817, 0.86667]","[(0.16115, 0.19923), (0.02349, 0.05284), (0.74502, 0.98831)]","[0.93431, 0.93605, 0.2027]","[(0.91575, 0.95286), (0.92404, 0.94806), (0.18598, 0.21943)]"
KOA27,-0.018191968772783042,-0.05218472244465658,"[0.05521, 0.27491, 0.72941]","[(0.05114, 0.05929), (0.25165, 0.29817), (0.68219, 0.77664)]","[0.93618, 0.79745, 0.26616]","[(0.92475, 0.94762), (0.79038, 0.80453), (0.2587, 0.27362)]"
OA39,0.29678282241095727,0.1839571990989659,"[0.16656, 0.06321, 0.95109]","[(0.15718, 0.17593), (0.04963, 0.07679), (0.91992, 0.98225)]","[0.94922, 0.84891, 0.28706]","[(0.9378, 0.96065), (0.84003, 0.85779), (0.27669, 0.29744)]"
KOA47,0.1251266978387433,0.06924606871323906,"[0.00803, 0.00653, 0.98667]","[(0.00617, 0.00989), (0.00268, 0.01037), (0.96831, 1.00502)]","[0.99782, 0.96362, 0.03905]","[(0.99569, 0.99995), (0.95975, 0.96749), (0.03535, 0.04275)]"
HOA32,0.002782052173306758,0.04843644640711766,"[0.18115, 0.18538, 0.64742]","[(0.17352, 0.18878), (0.16291, 0.20785), (0.59579, 0.69904)]","[0.88295, 0.79814, 0.37352]","[(0.86656, 0.89934), (0.79032, 0.80596), (0.36446, 0.38259)]"
KOA18,0.09558746688953645,0.007545708200295339,"[0.13023, 0.08879, 0.22222]","[(0.12386, 0.1366), (0.06184, 0.11573), (-0.04939, 0.49384)]","[0.85812, 0.86811, 0.26051]","[(0.82541, 0.89084), (0.86171, 0.87451), (0.25237, 0.26866)]"
OA17,0.17107650792455123,0.1649155601099707,"[0.06688, 0.03408, 0.89552]","[(0.06231, 0.07146), (0.02782, 0.04034), (0.82228, 0.96877)]","[0.97117, 0.84748, 0.18534]","[(0.96545, 0.97688), (0.84092, 0.85405), (0.17906, 0.19163)]"
HOA30,0.10031700512113775,0.09752361821803325,"[0.07909, 0.04178, 1.0]","[(0.07447, 0.08371), (0.02715, 0.05642), (1.0, 1.0)]","[0.97581, 0.82714, 0.24266]","[(0.96477, 0.98685), (0.82068, 0.83361), (0.23552, 0.24981)]"
OA2,-0.052013842637554916,-0.03401101497992389,"[0.03579, 0.15043, 0.76923]","[(0.0289, 0.04268), (0.12146, 0.1794), (0.5402, 0.99827)]","[0.97324, 0.89063, 0.15034]","[(0.96031, 0.98618), (0.87908, 0.90218), (0.13829, 0.16239)]"
KOA56,0.07600014001381096,0.14595763666314135,"[0.20723, 0.14941, 0.82432]","[(0.19893, 0.21553), (0.13201, 0.16681), (0.76301, 0.88563)]","[0.92447, 0.80026, 0.38108]","[(0.91213, 0.93682), (0.79214, 0.80838), (0.37191, 0.39025)]"
OA29,0.0899154687237401,-0.0010393068110833988,"[0.06823, 0.10039, 1.0]","[(0.06066, 0.0758), (0.06379, 0.13699), (1.0, 1.0)]","[0.9291, 0.9022, 0.16667]","[(0.89838, 0.95983), (0.89329, 0.9111), (0.15581, 0.17753)]"
KOA46,0.050913553303374506,0.13374853761763272,"[0.23186, 0.07624, 1.0]","[(0.2237, 0.24003), (0.0626, 0.08987), (1.0, 1.0)]","[0.90989, 0.88262, 0.32708]","[(0.89533, 0.92444), (0.87641, 0.88884), (0.31859, 0.33557)]"
KOA41,0.13667835983516027,0.06259291836554348,"[0.22304, 0.01449, nan]","[(0.21535, 0.23073), (-0.01371, 0.04269), (nan, nan)]","[1.0, 0.79959, 0.42096]","[(1.0, 1.0), (0.7922, 0.80698), (0.41187, 0.43005)]"
KOA57,-0.09083129035092774,-0.1016899362845714,"[0.25219, 0.0797, 0.57895]","[(0.24406, 0.26031), (0.06699, 0.09241), (0.35694, 0.80095)]","[0.60919, 0.91065, 0.35931]","[(0.58641, 0.63197), (0.90532, 0.91599), (0.35097, 0.36765)]"
KOA58,0.08759379006132986,0.059169680905246866,"[0.12461, 0.08798, 0.875]","[(0.118, 0.13121), (0.05791, 0.11804), (0.64582, 1.10418)]","[0.92264, 0.80196, 0.31738]","[(0.89461, 0.95067), (0.79399, 0.80992), (0.30823, 0.32653)]"
OA40,-0.018416539835234162,0.025714273074212497,"[0.08212, 0.12037, 0.66667]","[(0.07709, 0.08716), (0.09991, 0.14083), (0.39994, 0.93339)]","[0.94309, 0.86615, 0.2128]","[(0.92861, 0.95756), (0.85992, 0.87239), (0.2056, 0.22)]"
HOA33,0.11051672373405558,0.17774285268965176,"[0.44763, 0.0879, 0.54839]","[(0.43832, 0.45695), (0.06683, 0.10896), (0.44724, 0.64953)]","[0.86785, 0.857, 0.56712]","[(0.84419, 0.89151), (0.85047, 0.86353), (0.55812, 0.57612)]"
OA7,-0.06991300517118951,-0.049637773069289355,"[0.15174, 0.26244, 0.5124]","[(0.14451, 0.15897), (0.23876, 0.28612), (0.42333, 0.60146)]","[0.85902, 0.82742, 0.3321]","[(0.84109, 0.87695), (0.81985, 0.83498), (0.32321, 0.34099)]"
KOA74,0.15322990558444255,0.1816246302608328,"[0.18553, 0.0268, 0.94601]","[(0.17786, 0.1932), (0.01932, 0.03428), (0.92455, 0.96747)]","[0.95264, 0.91034, 0.24734]","[(0.9438, 0.96148), (0.90483, 0.91586), (0.23951, 0.25517)]"
HOA16,0.15927767701562864,0.13908614266514863,"[0.19025, 0.04242, nan]","[(0.18209, 0.19841), (0.03182, 0.05301), (nan, nan)]","[0.92595, 0.8899, 0.27545]","[(0.91219, 0.93971), (0.88339, 0.89641), (0.26681, 0.28409)]"
KOA44,0.07306966220664507,0.0698375837200483,"[0.17908, 0.18467, 0.81081]","[(0.17144, 0.18673), (0.16283, 0.2065), (0.68461, 0.93701)]","[0.9016, 0.80398, 0.3652]","[(0.88509, 0.91811), (0.79608, 0.81188), (0.35615, 0.37425)]"
KOA24,0.07660888416075334,0.10988420287374935,"[0.22684, 0.15316, 0.65611]","[(0.21942, 0.23427), (0.13788, 0.16844), (0.59348, 0.71874)]","[0.92105, 0.86665, 0.33912]","[(0.91016, 0.93194), (0.86068, 0.87262), (0.33137, 0.34686)]"
HOA6,0.031828508265088776,0.02471958328371411,"[0.08241, 0.13035, 0.70909]","[(0.0773, 0.08751), (0.11588, 0.14482), (0.62421, 0.79397)]","[0.95158, 0.87276, 0.20384]","[(0.94258, 0.96057), (0.8666, 0.87891), (0.19698, 0.2107)]"
KOA55,0.2311062475390176,0.2266350782254195,"[0.22724, 0.03183, 0.92708]","[(0.21964, 0.23483), (0.02391, 0.03976), (0.87507, 0.97909)]","[0.96517, 0.85585, 0.32985]","[(0.95709, 0.97324), (0.84951, 0.86219), (0.32194, 0.33776)]"
KOA4,0.052118124489423205,0.01460826993024277,"[0.40225, 0.0582, 0.25]","[(0.39327, 0.41123), (0.04506, 0.07133), (0.03782, 0.46218)]","[0.59709, 0.89786, 0.49992]","[(0.56974, 0.62443), (0.89231, 0.9034), (0.49122, 0.50862)]"
OA14,-0.012668459986062324,-0.02240420404123124,"[0.13093, 0.21445, 0.62344]","[(0.12465, 0.13721), (0.19526, 0.23363), (0.57602, 0.67087)]","[0.93006, 0.86842, 0.26004]","[(0.9193, 0.94082), (0.86223, 0.8746), (0.25245, 0.26763)]"
HOA44,0.04879421267718523,0.04823401669385069,"[0.06702, 0.125, 0.97436]","[(0.06195, 0.0721), (0.10815, 0.14185), (0.93928, 1.00944)]","[0.96662, 0.86483, 0.19722]","[(0.9577, 0.97554), (0.85791, 0.87174), (0.18971, 0.20473)]"
HOA41,0.08022880351055564,0.10322661406010882,"[0.14636, 0.07587, 0.87634]","[(0.13928, 0.15344), (0.06628, 0.08547), (0.82904, 0.92365)]","[0.92256, 0.89524, 0.22911]","[(0.91317, 0.93195), (0.88916, 0.90131), (0.22174, 0.23647)]"
OA8,0.06646660411076878,0.11881073936014913,"[0.13058, 0.26448, 0.48444]","[(0.12357, 0.13759), (0.24357, 0.28539), (0.41914, 0.54975)]","[0.89504, 0.58375, 0.51829]","[(0.88138, 0.9087), (0.57361, 0.59388), (0.50877, 0.52782)]"
OA67,0.2228951943426541,0.24972645309529135,"[0.28828, 0.03163, 0.89327]","[(0.27902, 0.29755), (0.02592, 0.03735), (0.87014, 0.91641)]","[0.90415, 0.91993, 0.30416]","[(0.89534, 0.91296), (0.91457, 0.92528), (0.29619, 0.31214)]"
KOA70,0.27999955414033345,0.2719635964564234,"[0.24502, 0.0072, 0.9404]","[(0.23632, 0.25372), (0.00433, 0.01007), (0.90264, 0.97816)]","[0.93972, 0.89876, 0.27444]","[(0.93182, 0.94763), (0.89271, 0.90482), (0.26669, 0.2822)]"
OA74,0.20198969413045076,0.13691210553607364,"[0.34391, 0.06731, 0.80702]","[(0.33446, 0.35336), (0.05208, 0.08254), (0.70457, 0.90947)]","[0.82224, 0.86473, 0.45716]","[(0.79962, 0.84487), (0.85795, 0.87152), (0.44774, 0.46658)]"
OA43,0.21019200579142783,0.18728820354299325,"[0.15236, 0.01281, 0.94805]","[(0.14475, 0.15998), (0.00782, 0.0178), (0.89848, 0.99762)]","[0.97633, 0.92989, 0.18823]","[(0.96972, 0.98295), (0.9245, 0.93528), (0.18076, 0.19571)]"
KOA59,0.24516940375289564,0.22609234540268985,"[0.27418, 0.02333, 0.97162]","[(0.26586, 0.2825), (0.01666, 0.02999), (0.95966, 0.98359)]","[0.92478, 0.92074, 0.32199]","[(0.91485, 0.93471), (0.91586, 0.92562), (0.31396, 0.33002)]"
KOA45,0.03491565181913014,0.14013687996504373,"[0.24424, 0.16043, 0.7439]","[(0.23401, 0.25447), (0.13969, 0.18117), (0.69667, 0.79114)]","[0.91378, 0.8338, 0.38558]","[(0.89972, 0.92784), (0.82514, 0.84246), (0.3749, 0.39626)]"
KOA7,-0.03859015798810072,0.063950299742357,"[0.1045, 0.07517, 0.88245]","[(0.09856, 0.11043), (0.06218, 0.08816), (0.8564, 0.90851)]","[0.96728, 0.93415, 0.16101]","[(0.9598, 0.97477), (0.92948, 0.93883), (0.15438, 0.16765)]"
HOA34,0.1506275207779924,0.0789100488411932,"[0.09112, 0.04277, 1.0]","[(0.08557, 0.09667), (0.02754, 0.058), (1.0, 1.0)]","[0.97202, 0.89138, 0.19181]","[(0.95961, 0.98442), (0.88538, 0.89738), (0.18446, 0.19916)]"
KOA31,0.22697750612624798,0.09299613306115113,"[0.06292, 0.05436, 0.55556]","[(0.05825, 0.06759), (0.04319, 0.06553), (0.23091, 0.8802)]","[0.96606, 0.86667, 0.18178]","[(0.95716, 0.97496), (0.86014, 0.87321), (0.17487, 0.18869)]"
OA32,0.0325613824625129,-0.02084653033410045,"[0.11683, 0.12736, 0.81818]","[(0.10847, 0.12519), (0.09563, 0.15909), (0.59025, 1.04611)]","[0.84828, 0.86933, 0.24988]","[(0.81456, 0.88199), (0.86057, 0.87809), (0.23901, 0.26074)]"
KOA63,0.0680527365801024,0.08754040946211082,"[0.20359, 0.09772, 0.90566]","[(0.19598, 0.21121), (0.08505, 0.1104), (0.85001, 0.96131)]","[0.88076, 0.88892, 0.29977]","[(0.86726, 0.89426), (0.88301, 0.89483), (0.29184, 0.30769)]"
KOA9,0.07809071819161223,0.11606762440448629,"[0.16318, 0.03403, 0.91772]","[(0.156, 0.17036), (0.02683, 0.04123), (0.87487, 0.96057)]","[0.93916, 0.95876, 0.18348]","[(0.92997, 0.94835), (0.95493, 0.9626), (0.17672, 0.19023)]"
OA6,0.10524701491741217,0.0766725885897481,"[0.13426, 0.18491, 0.77387]","[(0.12735, 0.14118), (0.15792, 0.21189), (0.71575, 0.83199)]","[0.94668, 0.78541, 0.341]","[(0.93271, 0.96065), (0.77717, 0.79365), (0.33177, 0.35023)]"
HOA9,0.14236791952163744,0.07663520237717802,"[0.1035, 0.05284, 1.0]","[(0.09675, 0.11024), (0.0371, 0.06857), (1.0, 1.0)]","[0.96667, 0.91811, 0.1765]","[(0.95407, 0.97926), (0.91204, 0.92418), (0.16845, 0.18455)]"
OA78,0.14787587309997885,0.09121059855201978,"[0.08262, 0.02992, 0.91304]","[(0.07725, 0.08799), (0.02131, 0.03853), (0.83162, 0.99447)]","[0.9671, 0.92623, 0.14434]","[(0.95822, 0.97598), (0.92114, 0.93132), (0.13794, 0.15073)]"
OA21,0.10699358785605781,0.1441099180103999,"[0.32774, 0.09483, 0.28261]","[(0.31823, 0.33725), (0.07889, 0.11078), (0.15249, 0.41273)]","[0.8347, 0.83821, 0.45994]","[(0.81483, 0.85456), (0.83076, 0.84565), (0.45047, 0.4694)]"
KOA68,0.1506903696996592,0.14373880725826274,"[0.11195, 0.04599, 0.92969]","[(0.10576, 0.11814), (0.03824, 0.05374), (0.89837, 0.96101)]","[0.96831, 0.90701, 0.17807]","[(0.96211, 0.97452), (0.90138, 0.91264), (0.17143, 0.1847)]"
OA4,0.21180946372086096,0.27617554303827035,"[0.14805, 0.01835, 0.96192]","[(0.14087, 0.15523), (0.0139, 0.02281), (0.94877, 0.97507)]","[0.97489, 0.86687, 0.22449]","[(0.97021, 0.97957), (0.86028, 0.87345), (0.21729, 0.23169)]"
OA50,0.13465590048315015,0.04753836506442703,"[0.07105, 0.02206, 0.83333]","[(0.0628, 0.07929), (0.00781, 0.03631), (0.66116, 1.0055)]","[0.92488, 0.91035, 0.15442]","[(0.89985, 0.94991), (0.90121, 0.9195), (0.14341, 0.16543)]"
HOA29,0.09043973909968211,0.047531910879218674,"[0.09517, 0.19923, 1.0]","[(0.09019, 0.10015), (0.15078, 0.24769), (1.0, 1.0)]","[0.95926, 0.69782, 0.39456]","[(0.93568, 0.98284), (0.69003, 0.70561), (0.38634, 0.40277)]"
